{
  "train_loss": [
    0.4611935205217721,
    0.3503337630615142,
    0.3381777321514876,
    0.32126054988391156,
    0.30560979427058915,
    0.30152935084801363,
    0.2982910227228478,
    0.3018650388804035,
    0.2958603987947178,
    0.29530728482393825
  ],
  "train_acc": [
    0.6620783542580547,
    0.6927091211617002,
    0.6918771744062926,
    0.6956587505672365,
    0.7042807442141885,
    0.7008016941461201,
    0.6977008016941462,
    0.6957343820904553,
    0.7000453789139314,
    0.7047345333535018
  ],
  "val_loss": [
    0.051542837667511776,
    0.02776224280076652,
    0.07060078131326009,
    0.012903707354875374,
    0.017826369179601897,
    0.017819413332449113,
    0.009265127898444803,
    0.015174634887747137,
    0.021048247904294232,
    0.010101150742030995
  ],
  "val_acc": [
    0.9732016925246827,
    0.9802538787023978,
    0.9675599435825106,
    0.9873060648801129,
    0.9858956276445698,
    0.9858956276445698,
    0.9873060648801129,
    0.9873060648801129,
    0.9844851904090268,
    0.9887165021156559
  ],
  "best_acc": 0.9887165021156559
}