{
  "train_loss": [
    0.7248304249467077,
    0.4531571156269795,
    0.40920420393750473,
    0.38701275526671797,
    0.36898089856714816,
    0.35669511915058705,
    0.34869859915327384,
    0.33780473277375506,
    0.3304847818371412,
    0.332061236653779,
    0.3243876566758027,
    0.3236996926971384,
    0.3198210040862496,
    0.3181679120740375,
    0.31831823377995877,
    0.31228208549924796,
    0.3119917859499519,
    0.31138694749490636,
    0.3103227441778054,
    0.3110252389231244
  ],
  "train_acc": [
    0.6552687261955141,
    0.7381294964028777,
    0.7522217520101566,
    0.7593313584426576,
    0.7611087600507829,
    0.7643250105797714,
    0.7706305543800254,
    0.7741430385103681,
    0.7751586965721541,
    0.7762166737198477,
    0.7828184511214558,
    0.7790520524756666,
    0.7827761320355481,
    0.7835801946677952,
    0.7840457046127803,
    0.7898434193821413,
    0.7890816758358019,
    0.7868810833685992,
    0.7908167583580195,
    0.7893779094371561
  ],
  "val_loss": [
    0.4605607124045491,
    0.3951761175878346,
    0.37553080564830454,
    0.358297474286519,
    0.3538071247981861,
    0.34502547729061916,
    0.34255589118693025,
    0.34458359279087747,
    0.339209479332203,
    0.3224461633741157,
    0.3289339856011793,
    0.32715437743027,
    0.3187156605476048,
    0.3238987257078406,
    0.3223578447868931,
    0.3246645326566068,
    0.32621068256848956,
    0.32227515410486374,
    0.32571636730863246,
    0.319650204059144
  ],
  "val_acc": [
    0.7496,
    0.7648,
    0.77,
    0.7788,
    0.7812,
    0.7744,
    0.7752,
    0.7792,
    0.7776,
    0.782,
    0.7836,
    0.7836,
    0.7876,
    0.7848,
    0.7892,
    0.7868,
    0.7856,
    0.7856,
    0.7844,
    0.79
  ],
  "best_acc": 0.79
}